ID,USER_ID,ADDRESS
1,1,415 Prairieview Center
2,2,8 Goodland Junction
3,3,904 Thierer Avenue
4,4,01845 Prairie Rose Avenue
5,5,6 Birchwood Road
6,6,52 Buena Vista Trail
7,7,317 Daystar Terrace
8,8,86575 Forest Dale Park
9,9,7599 New Castle Park
10,10,0 Hoard Crossing
11,11,387 Westport Way
12,12,1 Tomscot Plaza
13,13,6112 Dottie Trail
14,14,866 2nd Hill
15,15,84 Porter Terrace
16,16,2280 Prairie Rose Park
17,17,85 Village Green Hill
18,18,9 Rutledge Lane
19,19,83 Sycamore Terrace
20,20,03395 Chinook Terrace
21,21,5 Haas Point
22,22,061 2nd Alley
23,23,1422 Onsgard Parkway
24,24,4612 Wayridge Way
25,25,579 Johnson Drive
26,26,7028 Arizona Junction
27,27,48428 New Castle Park
28,28,7585 Algoma Trail
29,29,71320 Grasskamp Way
30,30,80 Banding Place
31,31,6 Warrior Place
32,32,19353 Hovde Parkway
33,33,4795 Springs Way
34,34,5 Parkside Crossing
35,35,19 Blackbird Crossing
36,36,9430 Cardinal Terrace
37,37,06790 Russell Junction
38,38,4 Laurel Center
39,39,2 Nancy Court
40,40,34 Nevada Park
41,41,989 Debs Junction
42,42,3110 Lotheville Street
43,43,1 Garrison Lane
44,44,7989 Tennyson Place
45,45,3149 Hoepker Hill
46,46,58 Myrtle Place
47,47,0 Lakewood Gardens Plaza
48,48,43 Shopko Place
49,49,17 Spohn Avenue
50,50,3 Commercial Trail
51,51,71 High Crossing Avenue
52,52,07 Pond Crossing
53,53,3 Golf Course Place
54,54,907 Shasta Junction
55,55,5 Michigan Plaza
56,56,36 Moulton Trail
57,57,7 Eagan Hill
58,58,5 Hovde Junction
59,59,73101 Anhalt Alley
60,60,1 Del Sol Parkway
61,61,09491 Doe Crossing Place
62,62,97662 Green Place
63,63,2 Rutledge Road
64,64,6135 Knutson Terrace
65,65,834 David Plaza
66,66,87 Corben Lane
67,67,24 Dexter Trail
68,68,65 Sundown Point
69,69,171 Mallard Road
70,70,9 Crescent Oaks Junction
71,71,72 4th Junction
72,72,2719 Bowman Avenue
73,73,26 Acker Drive
74,74,823 Morningstar Avenue
75,75,59 Red Cloud Plaza
76,76,849 Red Cloud Lane
77,77,1826 East Avenue
78,78,5 Valley Edge Junction
79,79,6806 Sunnyside Park
80,80,829 Forest Dale Pass
81,81,23576 Calypso Place
82,82,66411 Knutson Drive
83,83,6 Fairfield Terrace
84,84,4 Ryan Way
85,85,59 Mitchell Park
86,86,4862 Tennyson Avenue
87,87,95629 Messerschmidt Pass
88,88,6 Rieder Parkway
89,89,6739 Cascade Road
90,90,3623 Hallows Court
91,91,5 Kensington Lane
92,92,55720 Jay Circle
93,93,837 Sachs Lane
94,94,05765 Oak Alley
95,95,2714 Laurel Lane
96,96,367 Sunnyside Court
97,97,5 Rowland Point
98,98,9604 Warner Circle
99,99,50089 Macpherson Circle
100,100,680 Northfield Trail
